flight_id,flight_num,departure_icao,arrival_icao,arrival_time
1,BA 4465,EIDW,EGLC,2022-11-29 12:35+00:00
2,BA 8492,EDDB,EGLC,2022-11-29 12:40+00:00
3,BA 8715,EGPH,EGLC,2022-11-29 12:20+00:00
4,BA 8753,EGAC,EGLC,2022-11-29 12:20+00:00
5,AZ 226,LIML,EGLC,2022-11-29 13:15+00:00
6,BA 2217,EGPH,EGLC,2022-11-29 13:20+00:00
7,BA 8472,LIRQ,EGLC,2022-11-29 13:05+00:00
8,BA 3274,EDDL,EGLC,2022-11-29 14:45+00:00
9,BA 7026,EDDB,EGLC,2022-11-29 14:10+00:00
10,BA 8462,LEIB,EGLC,2022-11-29 14:55+00:00
11,BA 8482,LPFR,EGLC,2022-11-29 14:05+00:00
12,BA 8498,EHAM,EGLC,2022-11-29 14:35+00:00
13,BA 4456,EHRD,EGLC,2022-11-29 15:00+00:00
14,BA 8766,LSZH,EGLC,2022-11-29 15:30+00:00
15,LG 4595,ELLX,EGLC,2022-11-29 15:20+00:00
16,BA 2211,EGPF,EGLC,2022-11-29 16:10+00:00
17,BA 3280,LIRQ,EGLC,2022-11-29 16:20+00:00
18,BA 8760,LEBL,EGLC,2022-11-29 16:40+00:00
19,KL 989,EHAM,EGLC,2022-11-29 16:35+00:00
20,BA 4467,EIDW,EGLC,2022-11-29 17:30+00:00
21,BA 8454,EHAM,EGLC,2022-11-29 16:25+00:00
22,BA 8494,EDDB,EGLC,2022-11-29 17:55+00:00
23,BA 8707,EGPH,EGLC,2022-11-29 17:30+00:00
24,BA 8725,EGPF,EGLC,2022-11-29 17:45+00:00
25,LH 936,EDDF,EGLC,2022-11-29 17:40+00:00
26,LX 464,LSZH,EGLC,2022-11-29 17:05+00:00
27,AZ 220,LIML,EGLC,2022-11-29 18:35+00:00
28,BA 3276,EDDL,EGLC,2022-11-29 18:25+00:00
29,BA 4458,EHRD,EGLC,2022-11-29 18:55+00:00
30,BA 4469,EIDW,EGLC,2022-11-29 18:35+00:00
31,BA 8211,EKBI,EGLC,2022-11-29 18:25+00:00
32,BA 8735,EDDF,EGLC,2022-11-29 18:30+00:00
33,BA 8757,EGAC,EGLC,2022-11-29 18:40+00:00
34,KL 991,EHAM,EGLC,2022-11-29 18:25+00:00
35,LM 677,EGNS,EGLC,2022-11-29 18:00+00:00
36,LO 273,EYVI,EGLC,2022-11-29 18:00+00:00
37,LX 446,LSGG,EGLC,2022-11-29 18:50+00:00
38,LX 466,LSZH,EGLC,2022-11-29 18:40+00:00
39,BA 8458,EHAM,EGLC,2022-11-29 19:55+00:00
40,BA 8717,EGPH,EGLC,2022-11-29 19:30+00:00
41,BA 8768,LSZH,EGLC,2022-11-29 19:50+00:00
42,KL 997,EHAM,EGLC,2022-11-29 19:35+00:00
43,LG 4597,ELLX,EGLC,2022-11-29 19:05+00:00
44,BA 4471,EIDW,EGLC,2022-11-29 20:45+00:00
45,BA 8729,EGPF,EGLC,2022-11-29 20:25+00:00
46,BA 8737,EDDF,EGLC,2022-11-29 20:45+00:00
47,BA 4473,EIDW,EGLC,2022-11-29 21:35+00:00
48,BA 8719,EGPH,EGLC,2022-11-29 21:25+00:00
49,EK 65,OMDB,EGSS,2022-11-29 12:10+00:00
50,FR 2367,LZKZ,EGSS,2022-11-29 12:40+00:00
51,FR 2484,LRCL,EGSS,2022-11-29 12:10+00:00
52,FR 2550,LIBD,EGSS,2022-11-29 12:00+00:00
53,FR 3921,LICJ,EGSS,2022-11-29 12:50+00:00
54,FR 6646,LEAL,EGSS,2022-11-29 12:55+00:00
55,FR 702,EIKY,EGSS,2022-11-29 12:00+00:00
56,FR 729,LOWW,EGSS,2022-11-29 12:15+00:00
57,FR 2645,EVRA,EGSS,2022-11-29 12:35+00:00
58,FR 2729,LICA,EGSS,2022-11-29 12:55+00:00
59,FR 7629,LROD,EGSS,2022-11-29 12:15+00:00
60,FR 8324,LEVC,EGSS,2022-11-29 12:50+00:00
61,FR 967,ESGG,EGSS,2022-11-29 12:30+00:00
62,FR 1006,LROP,EGSS,2022-11-29 13:05+00:00
63,FR 1203,LEPA,EGSS,2022-11-29 13:35+00:00
64,FR 2488,LBPD,EGSS,2022-11-29 13:25+00:00
65,FR 2546,EYVI,EGSS,2022-11-29 13:40+00:00
66,9U 833,LUKK,EGSS,2022-11-29 13:50+00:00
67,FR 2875,LPPT,EGSS,2022-11-29 13:20+00:00
68,FR 3589,LIME,EGSS,2022-11-29 13:55+00:00
69,FR 6288,EPKK,EGSS,2022-11-29 13:45+00:00
70,FR 8198,LIRA,EGSS,2022-11-29 13:05+00:00
71,FR 9274,EHEH,EGSS,2022-11-29 13:05+00:00
72,FR 2189,LDZA,EGSS,2022-11-29 14:20+00:00
73,FR 226,EIDW,EGSS,2022-11-29 14:45+00:00
74,FR 2456,LIRA,EGSS,2022-11-29 14:40+00:00
75,FR 2670,EPMO,EGSS,2022-11-29 14:00+00:00
76,FR 2671,LEBL,EGSS,2022-11-29 14:20+00:00
77,FR 8354,LHBP,EGSS,2022-11-29 14:15+00:00
78,PC 1161,LTFJ,EGSS,2022-11-29 14:35+00:00
79,RK 1094,LFBO,EGSS,2022-11-29 14:10+00:00
80,RK 7871,GMMX,EGSS,2022-11-29 14:40+00:00
81,FR 2667,LFBE,EGSS,2022-11-29 15:05+00:00
82,FR 3633,EDDW,EGSS,2022-11-29 15:00+00:00
83,FR 5995,LEMD,EGSS,2022-11-29 15:30+00:00
84,FR 6198,EDFH,EGSS,2022-11-29 15:20+00:00
85,LS 1452,GCFV,EGSS,2022-11-29 15:15+00:00
86,RK 3034,GMAD,EGSS,2022-11-29 15:00+00:00
87,FR 2533,GCTS,EGSS,2022-11-29 16:45+00:00
88,FR 2577,GCRR,EGSS,2022-11-29 16:40+00:00
89,FR 2739,LIME,EGSS,2022-11-29 16:45+00:00
90,FR 2742,ESOW,EGSS,2022-11-29 16:35+00:00
91,FR 7733,EICK,EGSS,2022-11-29 16:00+00:00
92,FR 1269,LOWK,EGSS,2022-11-29 17:10+00:00
93,FR 2014,LKPR,EGSS,2022-11-29 17:50+00:00
94,FR 2223,LFBD,EGSS,2022-11-29 17:05+00:00
95,FR 2490,LEAS,EGSS,2022-11-29 17:30+00:00
96,FR 2813,EDDK,EGSS,2022-11-29 17:00+00:00
97,FR 3134,LCPH,EGSS,2022-11-29 17:05+00:00
98,FR 92,EINN,EGSS,2022-11-29 17:30+00:00
99,FR 1731,LBSF,EGSS,2022-11-29 18:20+00:00
100,FR 2472,EPKT,EGSS,2022-11-29 18:10+00:00
101,FR 2499,LZIB,EGSS,2022-11-29 18:30+00:00
102,FR 2515,LIRA,EGSS,2022-11-29 18:55+00:00
103,FR 8362,LEZL,EGSS,2022-11-29 18:35+00:00
104,FR 8737,LIMC,EGSS,2022-11-29 18:50+00:00
105,FR 8850,LMML,EGSS,2022-11-29 18:45+00:00
106,FR 9276,EHEH,EGSS,2022-11-29 18:05+00:00
107,FR 9283,LPFR,EGSS,2022-11-29 18:55+00:00
108,FR 9815,LEBL,EGSS,2022-11-29 18:45+00:00
109,LM 657,EGAE,EGSS,2022-11-29 18:35+00:00
110,LS 1402,GCRR,EGSS,2022-11-29 18:10+00:00
111,FR 2568,LGTS,EGSS,2022-11-29 18:05+00:00
112,FR 2653,EYPA,EGSS,2022-11-29 18:35+00:00
113,FR 1825,EYVI,EGSS,2022-11-29 18:50+00:00
114,FR 255,EIDW,EGSS,2022-11-29 19:45+00:00
115,FR 2713,EPKK,EGSS,2022-11-29 19:10+00:00
116,FR 795,LIPZ,EGSS,2022-11-29 19:55+00:00
117,FR 808,EIKN,EGSS,2022-11-29 19:05+00:00
118,FR 8169,LEMG,EGSS,2022-11-29 19:50+00:00
119,FR 544,EPGD,EGSS,2022-11-29 19:55+00:00
120,FR 7348,LOWW,EGSS,2022-11-29 19:15+00:00
121,FR 8348,LPPR,EGSS,2022-11-29 19:10+00:00
122,FR 8383,LEAL,EGSS,2022-11-29 19:00+00:00
123,U2 266,EGAA,EGSS,2022-11-29 19:45+00:00
124,U2 3013,EHAM,EGSS,2022-11-29 19:00+00:00
125,FR 1022,EPMO,EGSS,2022-11-29 20:10+00:00
126,FR 1990,LPPT,EGSS,2022-11-29 20:05+00:00
127,LS 1508,GCLP,EGSS,2022-11-29 20:20+00:00
128,LS 1664,GCTS,EGSS,2022-11-29 20:00+00:00
129,U2 216,EGPF,EGSS,2022-11-29 20:35+00:00
130,U2 238,EGPH,EGSS,2022-11-29 20:50+00:00
131,FR 1519,EDDH,EGSS,2022-11-29 21:00+00:00
132,FR 2345,EFHK,EGSS,2022-11-29 21:45+00:00
133,FR 2566,LEZG,EGSS,2022-11-29 21:20+00:00
134,FR 282,LFBO,EGSS,2022-11-29 21:50+00:00
135,FR 2857,LROP,EGSS,2022-11-29 21:25+00:00
136,FR 294,EIDW,EGSS,2022-11-29 21:05+00:00
137,FR 8157,GCTS,EGSS,2022-11-29 21:25+00:00
138,FR 902,EICK,EGSS,2022-11-29 21:10+00:00
139,RK 8301,LPPT,EGSS,2022-11-29 21:55+00:00
140,TK 7830,LTFJ,EGSS,2022-11-29 21:25+00:00
141,FR 298,EIDW,EGSS,2022-11-29 22:05+00:00
142,FR 3073,LIRA,EGSS,2022-11-29 22:55+00:00
143,FR 3910,EDDB,EGSS,2022-11-29 22:30+00:00
144,FR 610,GCFV,EGSS,2022-11-29 22:30+00:00
145,FR 8446,LHBP,EGSS,2022-11-29 22:40+00:00
146,FR 9799,EDSB,EGSS,2022-11-29 22:20+00:00
147,PC 1163,LTFJ,EGSS,2022-11-29 22:25+00:00
148,RK 1433,GMME,EGSS,2022-11-29 22:40+00:00
149,RK 9861,GMMI,EGSS,2022-11-29 22:40+00:00
150,FR 1136,EVRA,EGSS,2022-11-29 23:05+00:00
151,FR 1152,EPWR,EGSS,2022-11-29 23:05+00:00
152,FR 1751,EPPO,EGSS,2022-11-29 23:25+00:00
153,FR 2327,LEMD,EGSS,2022-11-29 23:30+00:00
154,FR 2426,GCTS,EGSS,2022-11-29 23:40+00:00
155,FR 272,EIDW,EGSS,2022-11-29 23:20+00:00
156,FR 2843,GCLP,EGSS,2022-11-29 23:10+00:00
157,FR 2935,LPPT,EGSS,2022-11-29 23:30+00:00
158,FR 571,ESSA,EGSS,2022-11-29 23:35+00:00
159,FR 713,EKAH,EGSS,2022-11-29 23:55+00:00
160,FR 7385,EKCH,EGSS,2022-11-29 23:15+00:00
161,FR 8285,GCRR,EGSS,2022-11-29 23:25+00:00
162,FR 14,LGAV,EGSS,2022-11-29 22:35+00:00
163,FR 2697,LIME,EGSS,2022-11-29 22:15+00:00
164,FR 2821,EKBI,EGSS,2022-11-29 22:55+00:00
165,RK 1368,ENGM,EGSS,2022-11-29 23:35+00:00
166,BA 2623,LFMN,EGKK,2022-11-29 12:50+00:00
167,D8 4455,ESSA,EGKK,2022-11-29 12:20+00:00
168,EI 236,EIDW,EGKK,2022-11-29 12:20+00:00
169,FR 1182,EINN,EGKK,2022-11-29 12:15+00:00
170,U2 8252,LIRF,EGKK,2022-11-29 12:35+00:00
171,U2 8467,LSGG,EGKK,2022-11-29 12:05+00:00
172,U2 8874,EHAM,EGKK,2022-11-29 12:05+00:00
173,W9 5724,LEMG,EGKK,2022-11-29 12:35+00:00
174,VY 7832,LEBL,EGKK,2022-11-29 12:10+00:00
175,D8 3514,EKCH,EGKK,2022-11-29 13:25+00:00
176,FR 118,EIDW,EGKK,2022-11-29 13:00+00:00
177,U2 8222,LEVC,EGKK,2022-11-29 13:10+00:00
178,U2 8244,LGTS,EGKK,2022-11-29 13:20+00:00
179,U2 8530,LIRN,EGKK,2022-11-29 13:20+00:00
180,U2 8662,LEAL,EGKK,2022-11-29 13:20+00:00
181,U2 8902,LXGB,EGKK,2022-11-29 13:30+00:00
182,U2 8914,LPFR,EGKK,2022-11-29 13:45+00:00
183,VY 7826,LEBL,EGKK,2022-11-29 13:55+00:00
184,BA 2579,LIMF,EGKK,2022-11-29 14:05+00:00
185,EI 238,EIDW,EGKK,2022-11-29 14:15+00:00
186,FR 335,EIDW,EGKK,2022-11-29 14:25+00:00
187,U2 6540,BIKF,EGKK,2022-11-29 14:45+00:00
188,U2 8512,EPKK,EGKK,2022-11-29 14:40+00:00
189,U2 8606,LEMG,EGKK,2022-11-29 14:55+00:00
190,VY 6307,LEBB,EGKK,2022-11-29 14:40+00:00
191,GR 606,EGJB,EGKK,2022-11-29 15:50+00:00
192,TP 1336,LPPT,EGKK,2022-11-29 15:45+00:00
193,U2 8136,LPMA,EGKK,2022-11-29 15:25+00:00
194,U2 8150,GMAD,EGKK,2022-11-29 15:45+00:00
195,U2 8176,LEZL,EGKK,2022-11-29 15:40+00:00
196,U2 8894,GMMX,EGKK,2022-11-29 15:50+00:00
197,BT 653,EVRA,EGKK,2022-11-29 16:45+00:00
198,D8 4457,ESSA,EGKK,2022-11-29 16:20+00:00
199,EI 242,EIDW,EGKK,2022-11-29 16:35+00:00
200,U2 894,EGJJ,EGKK,2022-11-29 15:00+00:00
201,U2 808,EGPH,EGKK,2022-11-29 16:25+00:00
202,U2 8324,LFPG,EGKK,2022-11-29 16:40+00:00
203,U2 8682,GCRR,EGKK,2022-11-29 16:50+00:00
204,U2 8692,GCLP,EGKK,2022-11-29 16:55+00:00
205,U2 874,EGPD,EGKK,2022-11-29 16:35+00:00
206,U2 8844,LTBS,EGKK,2022-11-29 16:55+00:00
207,U2 8878,EHAM,EGKK,2022-11-29 16:00+00:00
208,UX 1015,LEMD,EGKK,2022-11-29 16:25+00:00
209,W9 5750,LCLK,EGKK,2022-11-29 16:40+00:00
210,BA 2633,LEAL,EGKK,2022-11-29 17:05+00:00
211,BA 2701,GCTS,EGKK,2022-11-29 17:40+00:00
212,BT 871,EETN,EGKK,2022-11-29 17:05+00:00
213,DY 1308,ENGM,EGKK,2022-11-29 17:00+00:00
214,FR 120,EIDW,EGKK,2022-11-29 17:20+00:00
215,GR 608,EGJB,EGKK,2022-11-29 17:30+00:00
216,U2 8628,LEPA,EGKK,2022-11-29 17:25+00:00
217,U2 864,EGPE,EGKK,2022-11-29 17:35+00:00
218,U2 8704,GCTS,EGKK,2022-11-29 17:45+00:00
219,U2 8840,LTAI,EGKK,2022-11-29 17:35+00:00
220,BA 2597,LIPX,EGKK,2022-11-29 18:15+00:00
221,BA 2669,GMMX,EGKK,2022-11-29 18:25+00:00
222,BA 2733,GCRR,EGKK,2022-11-29 18:20+00:00
223,D8 3518,EKCH,EGKK,2022-11-29 18:50+00:00
224,EI 246,EIDW,EGKK,2022-11-29 18:45+00:00
225,EK 9,OMDB,EGKK,2022-11-29 18:25+00:00
226,T3 457,EGHQ,EGKK,2022-11-29 18:15+00:00
227,U2 8234,LIRP,EGKK,2022-11-29 18:30+00:00
228,U2 8278,LEMD,EGKK,2022-11-29 18:00+00:00
229,U2 6575,LCPH,EGKK,2022-11-29 18:00+00:00
230,U2 8088,LGAV,EGKK,2022-11-29 18:10+00:00
231,U2 8722,EKCH,EGKK,2022-11-29 18:25+00:00
232,U2 886,EGPF,EGKK,2022-11-29 18:15+00:00
233,VY 7824,LEBL,EGKK,2022-11-29 18:40+00:00
234,VY 8472,LEVC,EGKK,2022-11-29 18:40+00:00
235,D8 4459,ESSA,EGKK,2022-11-29 19:30+00:00
236,FR 112,EIDW,EGKK,2022-11-29 19:30+00:00
237,IB 3718,LEMD,EGKK,2022-11-29 19:00+00:00
238,U2 8198,LIMC,EGKK,2022-11-29 19:05+00:00
239,U2 840,EGAA,EGKK,2022-11-29 19:00+00:00
240,U2 8481,LSGG,EGKK,2022-11-29 19:25+00:00
241,U2 8568,LICC,EGKK,2022-11-29 19:25+00:00
242,VY 6944,LFPO,EGKK,2022-11-29 19:20+00:00
243,VY 7292,LEBB,EGKK,2022-11-29 19:00+00:00
244,BA 2693,LPFR,EGKK,2022-11-29 20:10+00:00
245,BA 2715,LEMG,EGKK,2022-11-29 20:40+00:00
246,BA 2789,LFBD,EGKK,2022-11-29 20:55+00:00
247,VY 6226,LIRF,EGKK,2022-11-29 19:15+00:00
248,DY 1318,ENBR,EGKK,2022-11-29 20:10+00:00
249,DY 1336,ENZV,EGKK,2022-11-29 20:05+00:00
250,U2 6560,EGAC,EGKK,2022-11-29 21:20+00:00
251,U2 8118,LSZH,EGKK,2022-11-29 21:00+00:00
252,U2 8268,EKCH,EGKK,2022-11-29 21:45+00:00
253,U2 8286,HESH,EGKK,2022-11-29 21:25+00:00
254,U2 8346,EDDH,EGKK,2022-11-29 21:20+00:00
255,U2 8438,LFSB,EGKK,2022-11-29 21:50+00:00
256,U2 856,EGNS,EGKK,2022-11-29 21:25+00:00
257,U2 8578,LEBL,EGKK,2022-11-29 21:10+00:00
258,U2 8732,OJAQ,EGKK,2022-11-29 21:55+00:00
259,U2 8818,LLBG,EGKK,2022-11-29 21:45+00:00
260,U2 8826,LMML,EGKK,2022-11-29 21:55+00:00
261,U2 8884,EHAM,EGKK,2022-11-29 21:35+00:00
262,U2 898,EGJJ,EGKK,2022-11-29 21:20+00:00
263,VY 7828,LEBL,EGKK,2022-11-29 21:05+00:00
264,U2 8126,EDDB,EGKK,2022-11-29 22:40+00:00
265,U2 8226,LEVC,EGKK,2022-11-29 22:50+00:00
266,U2 8360,LFMN,EGKK,2022-11-29 22:10+00:00
267,U2 842,EGAA,EGKK,2022-11-29 22:15+00:00
268,U2 8428,LHBP,EGKK,2022-11-29 22:15+00:00
269,U2 8538,GCFV,EGKK,2022-11-29 22:50+00:00
270,U2 8720,LPPT,EGKK,2022-11-29 22:30+00:00
271,U2 890,EGPF,EGKK,2022-11-29 22:15+00:00
272,U2 8986,EDDM,EGKK,2022-11-29 22:25+00:00
273,U2 8998,LKPR,EGKK,2022-11-29 22:35+00:00
274,W9 5760,GMAD,EGKK,2022-11-29 22:45+00:00
275,U2 8610,LEMG,EGKK,2022-11-29 23:10+00:00
276,U2 8668,LEAL,EGKK,2022-11-29 23:30+00:00
277,U2 8706,GCTS,EGKK,2022-11-29 23:25+00:00
278,U2 8862,HEGN,EGKK,2022-11-29 23:55+00:00
279,U2 8896,GMMX,EGKK,2022-11-29 23:40+00:00
280,U2 8970,LCLK,EGKK,2022-11-29 23:25+00:00
281,VY 6622,LEGR,EGKK,2022-11-29 23:10+00:00
282,U2 8072,LIPZ,EGKK,2022-11-29 20:00+00:00
283,U2 8256,LIRF,EGKK,2022-11-29 20:15+00:00
284,VY 7820,LEBL,EGKK,2022-11-29 20:10+00:00
285,BA 2799,LEZL,EGKK,2022-11-29 21:50+00:00
286,FR 116,EIDW,EGKK,2022-11-29 21:00+00:00
287,BA 8236,ESGG,EGSC,2022-11-29 17:45+00:00
288,AY 1433,EFHK,EDDB,2022-11-29 12:25+01:00
289,BA 7027,EGLC,EDDB,2022-11-29 12:20+01:00
290,FR 1147,LGTS,EDDB,2022-11-29 12:20+01:00
291,LH 182,EDDF,EDDB,2022-11-29 12:55+01:00
292,LH 1936,EDDM,EDDB,2022-11-29 12:00+01:00
293,U2 4662,LIML,EDDB,2022-11-29 12:20+01:00
294,XQ 160,LTAI,EDDB,2022-11-29 12:35+01:00
295,EW 9040,EDDL,EDDB,2022-11-29 13:45+01:00
296,KL 1825,EHAM,EDDB,2022-11-29 13:45+01:00
297,LH 184,EDDF,EDDB,2022-11-29 13:55+01:00
298,MS 731,HECA,EDDB,2022-11-29 13:55+01:00
299,TK 1725,LTFM,EDDB,2022-11-29 13:30+01:00
300,W6 2315,LHBP,EDDB,2022-11-29 13:55+01:00
301,AF 1234,LFPG,EDDB,2022-11-29 14:20+01:00
302,FR 147,EGSS,EDDB,2022-11-29 14:15+01:00
303,FR 9,LIMC,EDDB,2022-11-29 14:35+01:00
304,LH 1940,EDDM,EDDB,2022-11-29 14:55+01:00
305,LX 966,LSZH,EDDB,2022-11-29 14:10+01:00
306,OS 229,LOWW,EDDB,2022-11-29 14:25+01:00
307,W6 4275,LQTZ,EDDB,2022-11-29 14:55+01:00
308,W6 4515,LBWN,EDDB,2022-11-29 14:40+01:00
309,BA 8493,EGLC,EDDB,2022-11-29 15:55+01:00
310,BA 984,EGLL,EDDB,2022-11-29 15:35+01:00
311,EW 50,EDDK,EDDB,2022-11-29 15:50+01:00
312,FR 141,LIRF,EDDB,2022-11-29 15:20+01:00
313,FR 3385,LLBG,EDDB,2022-11-29 15:40+01:00
314,KL 1829,EHAM,EDDB,2022-11-29 15:40+01:00
315,LH 1942,EDDM,EDDB,2022-11-29 15:55+01:00
316,SK 1673,EKCH,EDDB,2022-11-29 15:15+01:00
317,BA 994,EGLL,EDDB,2022-11-29 16:45+01:00
318,EW 2004,EDDS,EDDB,2022-11-29 16:15+01:00
319,EW 9042,EDDL,EDDB,2022-11-29 16:15+01:00
320,FR 167,EBBR,EDDB,2022-11-29 16:10+01:00
321,LH 190,EDDF,EDDB,2022-11-29 16:55+01:00
322,OS 231,LOWW,EDDB,2022-11-29 16:15+01:00
323,TP 534,LPPT,EDDB,2022-11-29 16:20+01:00
324,AF 1834,LFPG,EDDB,2022-11-29 17:00+01:00
325,D8 3302,EKCH,EDDB,2022-11-29 17:20+01:00
326,EW 8071,EDDK,EDDB,2022-11-29 17:25+01:00
327,FR 2411,GCTS,EDDB,2022-11-29 17:10+01:00
328,LH 192,EDDF,EDDB,2022-11-29 17:55+01:00
329,LX 970,LSZH,EDDB,2022-11-29 17:25+01:00
330,SN 2587,EBBR,EDDB,2022-11-29 17:50+01:00
331,TK 1723,LTFM,EDDB,2022-11-29 17:45+01:00
332,U2 4664,LIML,EDDB,2022-11-29 17:45+01:00
333,U2 5788,HEGN,EDDB,2022-11-29 17:50+01:00
334,AY 1435,EFHK,EDDB,2022-11-29 18:25+01:00
335,BA 986,EGLL,EDDB,2022-11-29 18:50+01:00
336,LH 194,EDDF,EDDB,2022-11-29 18:55+01:00
337,LH 1948,EDDM,EDDB,2022-11-29 18:10+01:00
338,EW 8005,EDDS,EDDB,2022-11-29 18:05+01:00
339,LX 982,LSZH,EDDB,2022-11-29 18:55+01:00
340,U2 5926,GCRR,EDDB,2022-11-29 18:05+01:00
341,AF 1534,LFPG,EDDB,2022-11-29 19:40+01:00
342,BT 213,EVRA,EDDB,2022-11-29 19:00+01:00
343,DX 125,EDDR,EDDB,2022-11-29 19:20+01:00
344,DY 1108,ENGM,EDDB,2022-11-29 19:35+01:00
345,EW 9044,EDDL,EDDB,2022-11-29 19:15+01:00
346,FR 1571,EYVI,EDDB,2022-11-29 19:10+01:00
347,IB 3672,LEMD,EDDB,2022-11-29 19:05+01:00
348,LH 198,EDDF,EDDB,2022-11-29 19:55+01:00
349,LX 978,LSZH,EDDB,2022-11-29 19:45+01:00
350,OS 235,LOWW,EDDB,2022-11-29 19:00+01:00
351,FR 133,LEBL,EDDB,2022-11-29 20:45+01:00
352,FR 328,LROP,EDDB,2022-11-29 20:20+01:00
353,KL 1833,EHAM,EDDB,2022-11-29 20:30+01:00
354,LG 9473,ELLX,EDDB,2022-11-29 20:10+01:00
355,U2 5536,LFPO,EDDB,2022-11-29 20:00+01:00
356,U2 5638,LFSB,EDDB,2022-11-29 20:35+01:00
357,U2 5676,LFPG,EDDB,2022-11-29 20:05+01:00
358,VY 1882,LEBL,EDDB,2022-11-29 20:50+01:00
359,BA 8495,EGLC,EDDB,2022-11-29 21:10+01:00
360,BA 988,EGLL,EDDB,2022-11-29 21:45+01:00
361,EW 8371,GCRR,EDDB,2022-11-29 21:40+01:00
362,FR 1155,EGCC,EDDB,2022-11-29 21:35+01:00
363,FR 137,LIPE,EDDB,2022-11-29 21:50+01:00
364,FR 3306,LHBP,EDDB,2022-11-29 21:50+01:00
365,FR 3312,LIME,EDDB,2022-11-29 21:45+01:00
366,FR 3911,EGSS,EDDB,2022-11-29 21:15+01:00
367,FR 8558,EIDW,EDDB,2022-11-29 21:50+01:00
368,U2 5728,LCLK,EDDB,2022-11-29 21:15+01:00
369,U2 8125,EGKK,EDDB,2022-11-29 21:00+01:00
370,AF 1134,LFPG,EDDB,2022-11-29 22:40+01:00
371,EW 8007,EDDS,EDDB,2022-11-29 22:00+01:00
372,EW 8055,EDDK,EDDB,2022-11-29 22:20+01:00
373,IB 3674,LEMD,EDDB,2022-11-29 22:45+01:00
374,LH 1958,EDDM,EDDB,2022-11-29 22:35+01:00
375,LH 202,EDDF,EDDB,2022-11-29 22:25+01:00
376,LX 962,LSZH,EDDB,2022-11-29 22:20+01:00
377,OS 239,LOWW,EDDB,2022-11-29 22:15+01:00
378,SN 2591,EBBR,EDDB,2022-11-29 22:20+01:00
379,U2 5126,LEBL,EDDB,2022-11-29 22:30+01:00
380,U2 5924,GCFV,EDDB,2022-11-29 22:20+01:00
381,U2 5932,GCLP,EDDB,2022-11-29 22:25+01:00
382,KL 1835,EHAM,EDDB,2022-11-29 21:55+01:00
383,U2 5108,EHAM,EDDB,2022-11-29 21:45+01:00
384,FR 2591,LEMG,EDDB,2022-11-29 22:40+01:00
385,FR 3310,LIBD,EDDB,2022-11-29 22:30+01:00
386,AA 8564,LEMD,LEMH,2022-11-29 12:55+01:00
387,IB 8962,LEMD,LEMH,2022-11-29 12:55+01:00
388,QR 6584,LEMD,LEMH,2022-11-29 12:55+01:00
389,VY 5118,LEMD,LEMH,2022-11-29 12:55+01:00
390,YW 8962,LEMD,LEMH,2022-11-29 12:55+01:00
391,WT 7773,LEPA,LEMH,2022-11-29 14:10+01:00
392,UX 4531,LEPA,LEMH,2022-11-29 16:00+01:00
393,YW 8486,LEPA,LEMH,2022-11-29 16:30+01:00
394,IB 5344,LEBL,LEMH,2022-11-29 17:50+01:00
395,LA 5851,LEBL,LEMH,2022-11-29 17:50+01:00
396,QR 3594,LEBL,LEMH,2022-11-29 17:50+01:00
397,VY 3708,LEBL,LEMH,2022-11-29 17:50+01:00
398,IB 8486,LEPA,LEMH,2022-11-29 16:30+01:00
399,IB 8484,LEPA,LEMH,2022-11-29 18:00+01:00
400,YW 8484,LEPA,LEMH,2022-11-29 18:00+01:00
401,YW 8492,LEPA,LEMH,2022-11-29 19:15+01:00
402,IB 5350,LEBL,LEMH,2022-11-29 20:55+01:00
403,LA 5761,LEBL,LEMH,2022-11-29 20:55+01:00
404,QR 3763,LEBL,LEMH,2022-11-29 20:55+01:00
405,VY 3718,LEBL,LEMH,2022-11-29 20:55+01:00
406,IB 8492,LEPA,LEMH,2022-11-29 19:15+01:00
407,IB 8496,LEPA,LEMH,2022-11-29 21:50+01:00
408,IB 8966,LEMD,LEMH,2022-11-29 21:45+01:00
409,VY 5119,LEMD,LEMH,2022-11-29 21:45+01:00
410,YW 8496,LEPA,LEMH,2022-11-29 21:50+01:00
411,YW 8966,LEMD,LEMH,2022-11-29 21:45+01:00
412,PS 372,OMDB,UKBB,2022-11-29 13:40+02:00
413,PS 712,LTFM,UKBB,2022-11-29 13:50+02:00
414,PS 486,LSGG,UKBB,2022-11-29 14:30+02:00
415,PS 56,UKOO,UKBB,2022-11-29 14:50+02:00
416,PS 58,UKOO,UKBB,2022-11-29 22:10+02:00
417,PS 846,LOWW,UKBB,2022-11-29 22:10+02:00
418,PS 896,LUKK,UKBB,2022-11-29 22:15+02:00
419,FR 2497,EGSS,LIRA,2022-11-29 12:35+01:00
420,FR 9663,EPKK,LIRA,2022-11-29 12:55+01:00
421,FR 9728,GMFF,LIRA,2022-11-29 12:10+01:00
422,FR 4548,GMMX,LIRA,2022-11-29 13:55+01:00
423,FR 4580,EGGP,LIRA,2022-11-29 13:25+01:00
424,W6 3385,LRCL,LIRA,2022-11-29 13:30+01:00
425,FR 1320,LPPT,LIRA,2022-11-29 14:05+01:00
426,FR 9726,LFML,LIRA,2022-11-29 15:25+01:00
427,W6 3755,LRCV,LIRA,2022-11-29 15:00+01:00
428,FR 3959,LROP,LIRA,2022-11-29 16:20+01:00
429,FR 4801,LIEE,LIRA,2022-11-29 17:30+01:00
430,FR 9722,EBCI,LIRA,2022-11-29 17:50+01:00
431,FR 2455,EGSS,LIRA,2022-11-29 18:25+01:00
432,FR 3072,EGSS,LIRA,2022-11-29 20:45+01:00
433,FR 4574,LFBT,LIRA,2022-11-29 20:15+01:00
434,FR 8338,LEZL,LIRA,2022-11-29 20:15+01:00
435,FR 247,GMAD,LIRA,2022-11-29 19:30+01:00
436,FR 4532,LPPT,LIRA,2022-11-29 21:20+01:00
437,FR 7993,EVRA,LIRA,2022-11-29 21:15+01:00
438,FR 2510,EGSS,LIRA,2022-11-29 22:40+01:00
439,FR 5069,EBCI,LIRA,2022-11-29 22:45+01:00
440,FR 8247,LHBP,LIRA,2022-11-29 22:40+01:00
441,AF 9743,KLAX,LIRF,2022-11-29 12:15+01:00
442,AF 9750,KJFK,LIRF,2022-11-29 12:10+01:00
443,AF 9786,LICA,LIRF,2022-11-29 12:25+01:00
444,AF 9815,LIEA,LIRF,2022-11-29 12:25+01:00
445,AF 9827,LIBD,LIRF,2022-11-29 12:30+01:00
446,AF 9850,LICC,LIRF,2022-11-29 12:30+01:00
447,AF 9866,LIEE,LIRF,2022-11-29 12:10+01:00
448,AF 9874,LIPQ,LIRF,2022-11-29 12:10+01:00
449,AH 2024,DAAG,LIRF,2022-11-29 12:30+01:00
450,AR 7247,LIPZ,LIRF,2022-11-29 12:30+01:00
451,AR 7259,LIRQ,LIRF,2022-11-29 12:00+01:00
452,AR 7261,LIMJ,LIRF,2022-11-29 12:25+01:00
453,AR 7273,LIPQ,LIRF,2022-11-29 12:10+01:00
454,AR 7275,LIMF,LIRF,2022-11-29 12:25+01:00
455,AR 7307,LIBD,LIRF,2022-11-29 12:30+01:00
456,AR 7317,LICA,LIRF,2022-11-29 12:25+01:00
457,AT 9164,LIBD,LIRF,2022-11-29 12:30+01:00
458,AT 9169,LICC,LIRF,2022-11-29 12:30+01:00
459,AT 9177,LIRQ,LIRF,2022-11-29 12:00+01:00
460,AT 9186,LIMJ,LIRF,2022-11-29 12:25+01:00
461,AT 9209,LICA,LIRF,2022-11-29 12:25+01:00
462,AT 9214,LIMF,LIRF,2022-11-29 12:25+01:00
463,AT 9220,LIPQ,LIRF,2022-11-29 12:10+01:00
464,AT 9247,LIPZ,LIRF,2022-11-29 12:30+01:00
465,AZ 1168,LICA,LIRF,2022-11-29 12:25+01:00
466,AZ 1264,LIRN,LIRF,2022-11-29 12:15+01:00
467,AZ 1358,LIPQ,LIRF,2022-11-29 12:10+01:00
468,AZ 1384,LIMJ,LIRF,2022-11-29 12:25+01:00
469,AZ 1412,LIMF,LIRF,2022-11-29 12:25+01:00
470,AZ 1466,LIPZ,LIRF,2022-11-29 12:30+01:00
471,AZ 1578,LIEA,LIRF,2022-11-29 12:25+01:00
472,AZ 1592,LIEE,LIRF,2022-11-29 12:10+01:00
473,AZ 1612,LIBD,LIRF,2022-11-29 12:30+01:00
474,AZ 1678,LIRQ,LIRF,2022-11-29 12:00+01:00
475,AZ 1724,LICC,LIRF,2022-11-29 12:30+01:00
476,AZ 2045,LIML,LIRF,2022-11-29 12:10+01:00
477,AZ 343,LFMN,LIRF,2022-11-29 12:30+01:00
478,AZ 437,EDDM,LIRF,2022-11-29 12:30+01:00
479,AZ 611,KJFK,LIRF,2022-11-29 12:10+01:00
480,AZ 621,KLAX,LIRF,2022-11-29 12:15+01:00
481,AZ 863,DTTA,LIRF,2022-11-29 12:45+01:00
482,CZ 7365,LIRQ,LIRF,2022-11-29 12:00+01:00
483,DL 6596,KJFK,LIRF,2022-11-29 12:10+01:00
484,DL 6598,KLAX,LIRF,2022-11-29 12:15+01:00
485,DL 6667,LFMN,LIRF,2022-11-29 12:30+01:00
486,DL 6669,EDDM,LIRF,2022-11-29 12:30+01:00
487,DL 6707,LICC,LIRF,2022-11-29 12:30+01:00
488,AC 9156,EDDF,LIRF,2022-11-29 12:45+01:00
489,AC 9590,EDDM,LIRF,2022-11-29 12:15+01:00
490,EY 2820,LIBD,LIRF,2022-11-29 12:30+01:00
491,EY 2836,LICC,LIRF,2022-11-29 12:30+01:00
492,EY 2887,LICA,LIRF,2022-11-29 12:25+01:00
493,EY 2905,LIPZ,LIRF,2022-11-29 12:30+01:00
494,EY 2911,LIRQ,LIRF,2022-11-29 12:00+01:00
495,EY 2929,EDDM,LIRF,2022-11-29 12:30+01:00
496,EY 2945,LIMF,LIRF,2022-11-29 12:25+01:00
497,EY 2949,LIPQ,LIRF,2022-11-29 12:10+01:00
498,EY 3026,LIMJ,LIRF,2022-11-29 12:25+01:00
499,EY 3035,LFMN,LIRF,2022-11-29 12:30+01:00
500,EC 4475,LFLL,LIRF,2022-11-29 12:10+01:00
501,EK 97,OMDB,LIRF,2022-11-29 12:40+01:00
502,FR 7105,LIBD,LIRF,2022-11-29 12:15+01:00
503,GQ 820,LGAV,LIRF,2022-11-29 12:00+01:00
504,KL 3303,LIEA,LIRF,2022-11-29 12:25+01:00
505,KL 3417,LIBD,LIRF,2022-11-29 12:30+01:00
506,KL 3425,LICC,LIRF,2022-11-29 12:30+01:00
507,KL 3639,LIEE,LIRF,2022-11-29 12:10+01:00
508,RJ 3560,LIBD,LIRF,2022-11-29 12:30+01:00
509,RJ 3562,LICC,LIRF,2022-11-29 12:30+01:00
510,RJ 3567,LIMJ,LIRF,2022-11-29 12:25+01:00
511,RJ 3573,LIRQ,LIRF,2022-11-29 12:00+01:00
512,RJ 3590,LICA,LIRF,2022-11-29 12:25+01:00
513,RJ 3594,LIMF,LIRF,2022-11-29 12:25+01:00
514,RJ 3595,LIPQ,LIRF,2022-11-29 12:10+01:00
515,RJ 3597,LIPZ,LIRF,2022-11-29 12:30+01:00
516,RO 9618,LIPQ,LIRF,2022-11-29 12:10+01:00
517,RO 9622,LIPZ,LIRF,2022-11-29 12:30+01:00
518,RO 9682,LIBD,LIRF,2022-11-29 12:30+01:00
519,RO 9684,LIMJ,LIRF,2022-11-29 12:25+01:00
520,RO 9710,LICA,LIRF,2022-11-29 12:25+01:00
521,RO 9714,LIMF,LIRF,2022-11-29 12:25+01:00
522,RO 9732,LIEE,LIRF,2022-11-29 12:10+01:00
523,RO 9740,LICC,LIRF,2022-11-29 12:30+01:00
524,RO 9751,LIML,LIRF,2022-11-29 12:10+01:00
525,SV 6231,LIPZ,LIRF,2022-11-29 12:30+01:00
526,SV 6713,LIMJ,LIRF,2022-11-29 12:25+01:00
527,SV 6718,LICC,LIRF,2022-11-29 12:30+01:00
528,SV 6721,LIMF,LIRF,2022-11-29 12:25+01:00
529,SV 6724,LIBD,LIRF,2022-11-29 12:30+01:00
530,SV 6732,LFMN,LIRF,2022-11-29 12:30+01:00
531,SV 6734,LICA,LIRF,2022-11-29 12:25+01:00
532,TP 7132,LIEE,LIRF,2022-11-29 12:10+01:00
533,TP 7133,LIPZ,LIRF,2022-11-29 12:30+01:00
534,TP 7141,LICA,LIRF,2022-11-29 12:25+01:00
535,TP 7150,LIEA,LIRF,2022-11-29 12:25+01:00
536,TP 7159,LIMJ,LIRF,2022-11-29 12:25+01:00
537,TP 7187,LICC,LIRF,2022-11-29 12:30+01:00
538,TP 7207,LIMF,LIRF,2022-11-29 12:25+01:00
539,TP 7229,LIPQ,LIRF,2022-11-29 12:10+01:00
540,TP 7241,LIBD,LIRF,2022-11-29 12:30+01:00
541,TP 7267,LIRQ,LIRF,2022-11-29 12:00+01:00
542,KQ 4324,LIBD,LIRF,2022-11-29 12:30+01:00
543,KQ 4338,LICC,LIRF,2022-11-29 12:30+01:00
544,KQ 4357,LICA,LIRF,2022-11-29 12:25+01:00
545,KQ 4371,LIPZ,LIRF,2022-11-29 12:30+01:00
546,KU 6204,LFMN,LIRF,2022-11-29 12:30+01:00
547,LG 1254,LICC,LIRF,2022-11-29 12:30+01:00
548,LG 1258,LIBD,LIRF,2022-11-29 12:30+01:00
549,LG 1274,LICA,LIRF,2022-11-29 12:25+01:00
550,LG 1288,LIPQ,LIRF,2022-11-29 12:10+01:00
551,LG 1292,LIMJ,LIRF,2022-11-29 12:25+01:00
552,LG 1298,LIPZ,LIRF,2022-11-29 12:30+01:00
553,LG 1314,LIRQ,LIRF,2022-11-29 12:00+01:00
554,LG 1318,LIMF,LIRF,2022-11-29 12:25+01:00
555,LH 1866,EDDM,LIRF,2022-11-29 12:15+01:00
556,LH 232,EDDF,LIRF,2022-11-29 12:45+01:00
557,MS 791,HECA,LIRF,2022-11-29 12:05+01:00
558,QF 8097,OMDB,LIRF,2022-11-29 12:40+01:00
559,UA 8744,EDDF,LIRF,2022-11-29 12:45+01:00
560,UA 8825,EDDM,LIRF,2022-11-29 12:15+01:00
561,UX 3110,LIBD,LIRF,2022-11-29 12:30+01:00
562,UX 3112,LICC,LIRF,2022-11-29 12:30+01:00
563,UX 3154,LICA,LIRF,2022-11-29 12:25+01:00
564,UX 3166,LIPZ,LIRF,2022-11-29 12:30+01:00
565,UX 3182,LIPQ,LIRF,2022-11-29 12:10+01:00
566,UX 3184,LIMJ,LIRF,2022-11-29 12:25+01:00
567,UX 3188,LIMF,LIRF,2022-11-29 12:25+01:00
568,UX 3200,LIRQ,LIRF,2022-11-29 12:00+01:00
569,AR 7219,LSGG,LIRF,2022-11-29 13:10+01:00
570,AR 7223,EBBR,LIRF,2022-11-29 13:50+01:00
571,AR 7227,LEBL,LIRF,2022-11-29 13:25+01:00
572,AR 7267,LICJ,LIRF,2022-11-29 13:05+01:00
573,AT 9196,LICJ,LIRF,2022-11-29 13:05+01:00
574,W6 3611,LRSV,LIRF,2022-11-29 12:00+01:00
575,W6 8332,LFLL,LIRF,2022-11-29 12:50+01:00
576,AF 9848,LICJ,LIRF,2022-11-29 13:05+01:00
577,U2 4475,LFLL,LIRF,2022-11-29 12:10+01:00
578,AZ 1314,LIPE,LIRF,2022-11-29 13:00+01:00
579,AZ 159,EBBR,LIRF,2022-11-29 13:50+01:00
580,DL 6609,LEBL,LIRF,2022-11-29 13:25+01:00
581,DL 6617,EBBR,LIRF,2022-11-29 13:50+01:00
582,DL 6621,LFPG,LIRF,2022-11-29 13:50+01:00
583,EY 2824,EBBR,LIRF,2022-11-29 13:50+01:00
584,EY 2830,LFPG,LIRF,2022-11-29 13:50+01:00
585,EY 2853,LSGG,LIRF,2022-11-29 13:10+01:00
586,EY 3043,LICJ,LIRF,2022-11-29 13:05+01:00
587,FB 1714,LFPG,LIRF,2022-11-29 13:50+01:00
588,FB 1720,EBBR,LIRF,2022-11-29 13:50+01:00
589,FB 1726,LSGG,LIRF,2022-11-29 13:10+01:00
590,FB 1736,LEBL,LIRF,2022-11-29 13:25+01:00
591,AZ 1744,LICC,LIRF,2022-11-29 13:50+01:00
592,AZ 1784,LICJ,LIRF,2022-11-29 13:05+01:00
593,AZ 77,LEBL,LIRF,2022-11-29 13:25+01:00
594,AZ 7881,ELLX,LIRF,2022-11-29 13:25+01:00
595,AZ 319,LFPG,LIRF,2022-11-29 13:50+01:00
596,AZ 575,LSGG,LIRF,2022-11-29 13:10+01:00
597,BA 554,EGLL,LIRF,2022-11-29 13:05+01:00
598,CZ 7342,LFPG,LIRF,2022-11-29 13:50+01:00
599,KL 3460,LICJ,LIRF,2022-11-29 13:05+01:00
600,KQ 4332,LFPG,LIRF,2022-11-29 13:50+01:00
601,FR 5813,LLBG,LIRF,2022-11-29 13:35+01:00
602,FR 6298,LEMG,LIRF,2022-11-29 13:55+01:00
603,FR 9613,EIDW,LIRF,2022-11-29 13:25+01:00
604,IB 3232,LEMD,LIRF,2022-11-29 13:55+01:00
605,LG 6553,ELLX,LIRF,2022-11-29 13:25+01:00
606,MF 9574,LFPG,LIRF,2022-11-29 13:50+01:00
607,RJ 3572,LICJ,LIRF,2022-11-29 13:05+01:00
608,RJ 3578,LSGG,LIRF,2022-11-29 13:10+01:00
609,RJ 3581,EBBR,LIRF,2022-11-29 13:50+01:00
610,RO 9702,LICJ,LIRF,2022-11-29 13:05+01:00
611,SV 6232,EBBR,LIRF,2022-11-29 13:50+01:00
612,SV 6717,LICJ,LIRF,2022-11-29 13:05+01:00
613,SV 6731,LSGG,LIRF,2022-11-29 13:10+01:00
614,TP 7281,LICJ,LIRF,2022-11-29 13:05+01:00
615,UX 3126,LEBL,LIRF,2022-11-29 13:25+01:00
616,UX 3224,LICJ,LIRF,2022-11-29 13:05+01:00
617,VN 3159,LFPG,LIRF,2022-11-29 13:50+01:00
618,VY 3304,LEIB,LIRF,2022-11-29 13:40+01:00
619,W6 8288,LLBG,LIRF,2022-11-29 13:45+01:00
620,W6 8342,EDLW,LIRF,2022-11-29 13:30+01:00
621,XZ 2122,LIME,LIRF,2022-11-29 13:30+01:00
622,AR 7206,LEMD,LIRF,2022-11-29 14:10+01:00
623,AZ 107,EHAM,LIRF,2022-11-29 14:10+01:00
624,AZ 1788,LICJ,LIRF,2022-11-29 14:15+01:00
625,AZ 2055,LIML,LIRF,2022-11-29 14:10+01:00
626,CI 9269,EHAM,LIRF,2022-11-29 14:10+01:00
627,CZ 7344,EHAM,LIRF,2022-11-29 14:10+01:00
628,DL 6603,EHAM,LIRF,2022-11-29 14:10+01:00
629,EC 4243,LFPO,LIRF,2022-11-29 14:40+01:00
630,EY 2800,EHAM,LIRF,2022-11-29 14:10+01:00
631,AZ 61,LEMD,LIRF,2022-11-29 14:10+01:00
632,AZ 7235,OEJN,LIRF,2022-11-29 14:00+01:00
633,FB 1704,EHAM,LIRF,2022-11-29 14:10+01:00
634,FB 1722,LEMD,LIRF,2022-11-29 14:10+01:00
635,FB 1914,OTHH,LIRF,2022-11-29 14:00+01:00
636,FR 3180,LEBL,LIRF,2022-11-29 14:35+01:00
637,KM 2356,OTHH,LIRF,2022-11-29 14:00+01:00
638,KQ 4302,EHAM,LIRF,2022-11-29 14:10+01:00
639,MF 9571,EHAM,LIRF,2022-11-29 14:10+01:00
640,MH 9239,OTHH,LIRF,2022-11-29 14:00+01:00
641,NO 196,MMUN,LIRF,2022-11-29 14:05+01:00
642,QR 131,OTHH,LIRF,2022-11-29 14:00+01:00
643,SV 201,OEJN,LIRF,2022-11-29 14:00+01:00
644,U2 4243,LFPO,LIRF,2022-11-29 14:40+01:00
645,UL 3563,OTHH,LIRF,2022-11-29 14:00+01:00
646,UX 3117,LEMD,LIRF,2022-11-29 14:10+01:00
647,VA 6047,OTHH,LIRF,2022-11-29 14:00+01:00
648,VY 8025,LFPO,LIRF,2022-11-29 14:30+01:00
649,WB 1017,OTHH,LIRF,2022-11-29 14:00+01:00
650,WY 6006,OTHH,LIRF,2022-11-29 14:00+01:00
651,AD 7465,LPPT,LIRF,2022-11-29 15:55+01:00
652,AF 1504,LFPG,LIRF,2022-11-29 15:50+01:00
653,AF 9785,LICC,LIRF,2022-11-29 15:30+01:00
654,AR 7287,LICC,LIRF,2022-11-29 15:30+01:00
655,AT 9179,LICC,LIRF,2022-11-29 15:30+01:00
656,LX 1736,LSZH,LIRF,2022-11-29 14:00+01:00
657,AZ 1736,LICC,LIRF,2022-11-29 15:30+01:00
658,AZ 1786,LICJ,LIRF,2022-11-29 15:15+01:00
659,AZ 2049,LIML,LIRF,2022-11-29 15:10+01:00
660,AZ 7537,LPPT,LIRF,2022-11-29 15:55+01:00
661,EY 3017,LICC,LIRF,2022-11-29 15:30+01:00
662,FR 5797,LICC,LIRF,2022-11-29 15:05+01:00
663,FR 7104,LIBR,LIRF,2022-11-29 15:00+01:00
664,G3 5210,LFPG,LIRF,2022-11-29 15:50+01:00
665,KL 3449,LICC,LIRF,2022-11-29 15:30+01:00
666,KQ 3094,LFPG,LIRF,2022-11-29 15:50+01:00
667,LH 1868,EDDM,LIRF,2022-11-29 15:25+01:00
668,MK 9520,LFPG,LIRF,2022-11-29 15:50+01:00
669,MU 1661,LFPG,LIRF,2022-11-29 15:50+01:00
670,OU 5725,LPPT,LIRF,2022-11-29 15:55+01:00
671,PC 7536,LICC,LIRF,2022-11-29 15:30+01:00
672,AF 9760,LIMJ,LIRF,2022-11-29 16:25+01:00
673,AF 9764,LICJ,LIRF,2022-11-29 16:20+01:00
674,AF 9789,LIRN,LIRF,2022-11-29 16:35+01:00
675,AF 9791,LIEO,LIRF,2022-11-29 16:35+01:00
676,AF 9839,LIBD,LIRF,2022-11-29 16:15+01:00
677,AF 9847,LICR,LIRF,2022-11-29 16:30+01:00
678,AF 9854,LIPZ,LIRF,2022-11-29 16:15+01:00
679,AF 9878,LATI,LIRF,2022-11-29 16:40+01:00
680,AM 5706,LFPG,LIRF,2022-11-29 16:45+01:00
681,AR 7249,LIBD,LIRF,2022-11-29 16:15+01:00
682,AR 7251,LIPE,LIRF,2022-11-29 16:00+01:00
683,AR 7255,LIMJ,LIRF,2022-11-29 16:25+01:00
684,AR 7257,LICC,LIRF,2022-11-29 16:45+01:00
685,AR 7271,LICR,LIRF,2022-11-29 16:30+01:00
686,AR 7277,LIPZ,LIRF,2022-11-29 16:15+01:00
687,AR 7289,LICJ,LIRF,2022-11-29 16:20+01:00
688,AR 7297,LIRN,LIRF,2022-11-29 16:35+01:00
689,AT 9157,LIBD,LIRF,2022-11-29 16:15+01:00
690,AT 9158,LIPE,LIRF,2022-11-29 16:00+01:00
691,AT 9184,LIMJ,LIRF,2022-11-29 16:25+01:00
692,AT 9191,LIRN,LIRF,2022-11-29 16:35+01:00
693,AT 9202,LICJ,LIRF,2022-11-29 16:20+01:00
694,AT 9205,LICR,LIRF,2022-11-29 16:30+01:00
695,AT 9212,LICC,LIRF,2022-11-29 16:45+01:00
696,AT 9225,LIPZ,LIRF,2022-11-29 16:15+01:00
697,AT 940,GMMN,LIRF,2022-11-29 16:05+01:00
698,AZ 1156,LICR,LIRF,2022-11-29 16:30+01:00
699,AZ 1270,LIRN,LIRF,2022-11-29 16:35+01:00
700,AZ 1318,LIPE,LIRF,2022-11-29 16:00+01:00
701,AZ 1386,LIMJ,LIRF,2022-11-29 16:25+01:00
702,AZ 1462,LIPZ,LIRF,2022-11-29 16:15+01:00
703,AZ 1616,LIBD,LIRF,2022-11-29 16:15+01:00
704,AZ 1726,LICC,LIRF,2022-11-29 16:45+01:00
705,AZ 1792,LICJ,LIRF,2022-11-29 16:20+01:00
706,AZ 1906,LIEO,LIRF,2022-11-29 16:35+01:00
707,AZ 2071,LIML,LIRF,2022-11-29 16:40+01:00
708,BA 560,EGLL,LIRF,2022-11-29 16:20+01:00
709,DL 8371,LFPG,LIRF,2022-11-29 16:45+01:00
710,DL 9543,EHAM,LIRF,2022-11-29 16:25+01:00
711,ET 4002,LIPZ,LIRF,2022-11-29 16:15+01:00
712,ET 4024,LIRN,LIRF,2022-11-29 16:35+01:00
713,EY 2815,LIPE,LIRF,2022-11-29 16:00+01:00
714,EY 2851,LIMJ,LIRF,2022-11-29 16:25+01:00
715,EY 2878,LICJ,LIRF,2022-11-29 16:20+01:00
716,EY 2881,LICR,LIRF,2022-11-29 16:30+01:00
717,EY 2933,LIRN,LIRF,2022-11-29 16:35+01:00
718,EY 2952,LIPZ,LIRF,2022-11-29 16:15+01:00
719,EY 3009,LIBD,LIRF,2022-11-29 16:15+01:00
720,EY 3015,LICC,LIRF,2022-11-29 16:45+01:00
721,EY 3048,LATI,LIRF,2022-11-29 16:40+01:00
722,FB 1646,LICJ,LIRF,2022-11-29 16:20+01:00
723,FB 1660,LICR,LIRF,2022-11-29 16:30+01:00
724,FR 7142,LIBD,LIRF,2022-11-29 16:45+01:00
725,G3 5160,LFPG,LIRF,2022-11-29 16:45+01:00
726,G3 5553,EHAM,LIRF,2022-11-29 16:25+01:00
727,GA 9013,EHAM,LIRF,2022-11-29 16:25+01:00
728,JU 7136,LATI,LIRF,2022-11-29 16:40+01:00
729,JU 7219,LICR,LIRF,2022-11-29 16:30+01:00
730,JU 7290,LICC,LIRF,2022-11-29 16:45+01:00
731,KL 1603,EHAM,LIRF,2022-11-29 16:25+01:00
732,KL 3309,LIEO,LIRF,2022-11-29 16:35+01:00
733,KL 3412,LIMJ,LIRF,2022-11-29 16:25+01:00
734,KL 3434,LICJ,LIRF,2022-11-29 16:20+01:00
735,KL 3438,LICR,LIRF,2022-11-29 16:30+01:00
736,KL 3441,LIRN,LIRF,2022-11-29 16:35+01:00
737,KL 3442,LIBD,LIRF,2022-11-29 16:15+01:00
738,KL 3446,LATI,LIRF,2022-11-29 16:40+01:00
739,KL 3454,LICC,LIRF,2022-11-29 16:45+01:00
740,KM 2552,LIPZ,LIRF,2022-11-29 16:15+01:00
741,KQ 1603,EHAM,LIRF,2022-11-29 16:25+01:00
742,KQ 3894,LFPG,LIRF,2022-11-29 16:45+01:00
743,KQ 4347,LIMJ,LIRF,2022-11-29 16:25+01:00
744,KQ 4353,LICR,LIRF,2022-11-29 16:30+01:00
745,DL 8618,LFPG,LIRF,2022-11-29 15:50+01:00
746,RO 9738,LICC,LIRF,2022-11-29 15:30+01:00
747,RO 9747,LIML,LIRF,2022-11-29 15:10+01:00
748,S4 8053,LPPT,LIRF,2022-11-29 15:55+01:00
749,TP 7203,LICC,LIRF,2022-11-29 15:30+01:00
750,TP 846,LPPT,LIRF,2022-11-29 15:55+01:00
751,UA 9212,EDDM,LIRF,2022-11-29 15:25+01:00
752,UX 3212,LICC,LIRF,2022-11-29 15:30+01:00
753,WS 5033,LFPG,LIRF,2022-11-29 15:50+01:00
754,AF 1304,LFPG,LIRF,2022-11-29 16:45+01:00
755,AZ 2133,LIML,LIRF,2022-11-29 16:10+01:00
756,MF 9951,EHAM,LIRF,2022-11-29 16:25+01:00
757,MK 9312,LFPG,LIRF,2022-11-29 16:45+01:00
758,RO 9624,LIPZ,LIRF,2022-11-29 16:15+01:00
759,RO 9632,LIPE,LIRF,2022-11-29 16:00+01:00
760,RO 9680,LIBD,LIRF,2022-11-29 16:15+01:00
761,RO 9688,LIMJ,LIRF,2022-11-29 16:25+01:00
762,RO 9706,LICJ,LIRF,2022-11-29 16:20+01:00
763,SN 3181,EBBR,LIRF,2022-11-29 16:45+01:00
764,SV 6217,LATI,LIRF,2022-11-29 16:40+01:00
765,TP 7129,LIPZ,LIRF,2022-11-29 16:15+01:00
766,TP 7161,LIMJ,LIRF,2022-11-29 16:25+01:00
767,TP 7165,LIRN,LIRF,2022-11-29 16:35+01:00
768,TP 7175,LIPE,LIRF,2022-11-29 16:00+01:00
769,TP 7199,LICC,LIRF,2022-11-29 16:45+01:00
770,TP 7245,LIBD,LIRF,2022-11-29 16:15+01:00
771,TP 7278,LIEO,LIRF,2022-11-29 16:35+01:00
772,TP 7285,LICJ,LIRF,2022-11-29 16:20+01:00
773,TP 7297,LICR,LIRF,2022-11-29 16:30+01:00
774,U2 6185,EGGD,LIRF,2022-11-29 16:25+01:00
775,UX 3106,LIPE,LIRF,2022-11-29 16:00+01:00
776,UX 3137,LIMJ,LIRF,2022-11-29 16:25+01:00
777,UX 3146,LICJ,LIRF,2022-11-29 16:20+01:00
778,UX 3152,LICR,LIRF,2022-11-29 16:30+01:00
779,UX 3176,LIRN,LIRF,2022-11-29 16:35+01:00
780,UX 3190,LIPZ,LIRF,2022-11-29 16:15+01:00
781,UX 3194,LIBD,LIRF,2022-11-29 16:15+01:00
782,UX 3206,LICC,LIRF,2022-11-29 16:45+01:00
783,AZ 585,LATI,LIRF,2022-11-29 16:40+01:00
784,AZ 7135,GMMN,LIRF,2022-11-29 16:05+01:00
785,A3 654,LGAV,LIRF,2022-11-29 17:35+01:00
786,AC 9302,EDDF,LIRF,2022-11-29 17:55+01:00
787,AM 6927,LEMD,LIRF,2022-11-29 17:25+01:00
788,AZ 2059,LIML,LIRF,2022-11-29 17:10+01:00
789,ET 1803,LGAV,LIRF,2022-11-29 17:35+01:00
790,AZ 7019,LDZA,LIRF,2022-11-29 17:10+01:00
791,AZ 7117,LEMD,LIRF,2022-11-29 17:25+01:00
792,AZ 801,DAAG,LIRF,2022-11-29 17:40+01:00
793,EY 4364,LEMD,LIRF,2022-11-29 17:25+01:00
794,FR 140,EDDB,LIRF,2022-11-29 17:45+01:00
795,FR 5848,LICJ,LIRF,2022-11-29 17:35+01:00
796,GF 5654,LGAV,LIRF,2022-11-29 17:35+01:00
797,JU 7424,LEMD,LIRF,2022-11-29 17:25+01:00
798,OU 380,LDSP,LIRF,2022-11-29 17:10+01:00
799,OZ 561,RKSI,LIRF,2022-11-29 17:05+01:00
800,TP 6874,LDZA,LIRF,2022-11-29 17:10+01:00
801,TP 7424,LGAV,LIRF,2022-11-29 17:35+01:00
802,LA 8662,EDDF,LIRF,2022-11-29 17:55+01:00
803,LH 238,EDDF,LIRF,2022-11-29 17:55+01:00
804,U2 8255,EGKK,LIRF,2022-11-29 17:55+01:00
805,UA 8802,EDDF,LIRF,2022-11-29 17:55+01:00
806,UX 1047,LEMD,LIRF,2022-11-29 17:25+01:00
807,V7 5022,LGAV,LIRF,2022-11-29 17:35+01:00
808,VY 6244,LEVC,LIRF,2022-11-29 17:10+01:00
809,A3 1756,LPPT,LIRF,2022-11-29 18:45+01:00
810,AD 7268,LPPT,LIRF,2022-11-29 18:45+01:00
811,AR 7229,LEBL,LIRF,2022-11-29 18:35+01:00
812,AY 1763,EFHK,LIRF,2022-11-29 18:35+01:00
813,AZ 1750,LICC,LIRF,2022-11-29 18:00+01:00
814,AZ 7767,LPPT,LIRF,2022-11-29 18:45+01:00
815,AZ 79,LEBL,LIRF,2022-11-29 18:35+01:00
816,EK 95,OMDB,LIRF,2022-11-29 18:45+01:00
817,ET 1892,LPPT,LIRF,2022-11-29 18:45+01:00
818,AZ 2061,LIML,LIRF,2022-11-29 18:10+01:00
819,FB 1738,LEBL,LIRF,2022-11-29 18:35+01:00
820,FR 1000,LEVC,LIRF,2022-11-29 18:00+01:00
821,IB 3236,LEMD,LIRF,2022-11-29 18:15+01:00
822,JU 7286,LEBL,LIRF,2022-11-29 18:35+01:00
823,KM 2606,LEBL,LIRF,2022-11-29 18:35+01:00
824,LH 1870,EDDM,LIRF,2022-11-29 18:55+01:00
825,FR 5801,LICC,LIRF,2022-11-29 18:30+01:00
826,FR 914,ESSA,LIRF,2022-11-29 18:35+01:00
827,LY 9022,LPPT,LIRF,2022-11-29 18:45+01:00
828,MH 4559,OMDB,LIRF,2022-11-29 18:45+01:00
829,PK 5863,LTFM,LIRF,2022-11-29 18:40+01:00
830,QF 8095,OMDB,LIRF,2022-11-29 18:45+01:00
831,S4 8902,LPPT,LIRF,2022-11-29 18:45+01:00
832,TK 1863,LTFM,LIRF,2022-11-29 18:40+01:00
833,TO 3918,LFPO,LIRF,2022-11-29 18:55+01:00
834,TP 842,LPPT,LIRF,2022-11-29 18:45+01:00
835,UX 3128,LEBL,LIRF,2022-11-29 18:35+01:00
836,VY 6110,LEBL,LIRF,2022-11-29 18:00+01:00
837,VY 6293,EHAM,LIRF,2022-11-29 18:10+01:00
838,UA 8874,EDDM,LIRF,2022-11-29 18:55+01:00
839,WY 5163,LTFM,LIRF,2022-11-29 18:40+01:00
840,AM 6642,EHAM,LIRF,2022-11-29 19:10+01:00
841,AZ 2097,LIML,LIRF,2022-11-29 19:10+01:00
842,AZ 807,LLBG,LIRF,2022-11-29 19:30+01:00
843,BA 546,EGLL,LIRF,2022-11-29 19:20+01:00
844,EC 4245,LFPO,LIRF,2022-11-29 19:45+01:00
845,FR 9686,LEMD,LIRF,2022-11-29 19:25+01:00
846,G3 5656,EHAM,LIRF,2022-11-29 19:10+01:00
847,GA 9224,EHAM,LIRF,2022-11-29 19:10+01:00
848,IB 3234,LEMD,LIRF,2022-11-29 19:40+01:00
849,JU 7379,LLBG,LIRF,2022-11-29 19:30+01:00
850,KL 1607,EHAM,LIRF,2022-11-29 19:10+01:00
851,KM 614,LMML,LIRF,2022-11-29 19:40+01:00
852,KQ 1607,EHAM,LIRF,2022-11-29 19:10+01:00
853,FR 7183,LOWW,LIRF,2022-11-29 19:30+01:00
854,LX 1732,LSZH,LIRF,2022-11-29 19:20+01:00
855,MF 9953,EHAM,LIRF,2022-11-29 19:10+01:00
856,XZ 2124,LIME,LIRF,2022-11-29 19:45+01:00
857,AR 7204,LEMD,LIRF,2022-11-29 20:35+01:00
858,AT 9156,LIBR,LIRF,2022-11-29 20:30+01:00
859,AT 9162,LIBD,LIRF,2022-11-29 20:30+01:00
860,AT 9172,LICC,LIRF,2022-11-29 20:30+01:00
861,AT 9235,LIMJ,LIRF,2022-11-29 20:35+01:00
862,AT 9236,LICJ,LIRF,2022-11-29 20:40+01:00
863,AT 9244,LICA,LIRF,2022-11-29 20:25+01:00
864,AT 9245,LIMF,LIRF,2022-11-29 20:45+01:00
865,AT 9249,LGAV,LIRF,2022-11-29 20:40+01:00
866,AV 6200,EGLL,LIRF,2022-11-29 20:35+01:00
867,AZ 1170,LICA,LIRF,2022-11-29 20:25+01:00
868,AZ 1274,LIRN,LIRF,2022-11-29 20:45+01:00
869,AZ 1320,LIPE,LIRF,2022-11-29 20:10+01:00
870,AZ 1364,LIPQ,LIRF,2022-11-29 20:25+01:00
871,AZ 1392,LIMJ,LIRF,2022-11-29 20:35+01:00
872,AZ 1430,LIMF,LIRF,2022-11-29 20:45+01:00
873,AZ 1501,LIEE,LIRF,2022-11-29 20:40+01:00
874,AZ 1580,LIEA,LIRF,2022-11-29 20:30+01:00
875,AZ 1606,LIBD,LIRF,2022-11-29 20:30+01:00
876,AZ 1634,LIBR,LIRF,2022-11-29 20:30+01:00
877,AZ 165,EBBR,LIRF,2022-11-29 20:30+01:00
878,AZ 1684,LIRQ,LIRF,2022-11-29 20:35+01:00
879,AZ 1712,LICC,LIRF,2022-11-29 20:30+01:00
880,OS 505,LOWW,LIRF,2022-11-29 19:15+01:00
881,U2 4245,LFPO,LIRF,2022-11-29 19:45+01:00
882,V7 1118,LIEE,LIRF,2022-11-29 19:10+01:00
883,AZ 1794,LICJ,LIRF,2022-11-29 20:40+01:00
884,AZ 207,EGLL,LIRF,2022-11-29 20:35+01:00
885,AZ 2109,LIML,LIRF,2022-11-29 20:10+01:00
886,AZ 325,LFPG,LIRF,2022-11-29 20:20+01:00
887,AZ 355,LFMN,LIRF,2022-11-29 20:45+01:00
888,AZ 573,LSZH,LIRF,2022-11-29 20:20+01:00
889,AZ 577,LSGG,LIRF,2022-11-29 20:25+01:00
890,AZ 63,LEMD,LIRF,2022-11-29 20:35+01:00
891,AZ 721,LGAV,LIRF,2022-11-29 20:40+01:00
892,AZ 867,DTTA,LIRF,2022-11-29 20:30+01:00
893,ET 4004,LICJ,LIRF,2022-11-29 20:40+01:00
894,ET 4006,LIMF,LIRF,2022-11-29 20:45+01:00
895,ET 4008,LICC,LIRF,2022-11-29 20:30+01:00
896,ET 4011,LIMJ,LIRF,2022-11-29 20:35+01:00
897,ET 4013,LIPQ,LIRF,2022-11-29 20:25+01:00
898,ET 4016,LIBR,LIRF,2022-11-29 20:30+01:00
899,ET 4019,LIBD,LIRF,2022-11-29 20:30+01:00
900,ET 4020,LICA,LIRF,2022-11-29 20:25+01:00
901,EY 2819,LIBD,LIRF,2022-11-29 20:30+01:00
902,EY 2825,EBBR,LIRF,2022-11-29 20:30+01:00
903,EY 2831,LFPG,LIRF,2022-11-29 20:20+01:00
904,EY 2834,LICC,LIRF,2022-11-29 20:30+01:00
905,EY 2859,EGLL,LIRF,2022-11-29 20:35+01:00
906,EY 2869,LFMN,LIRF,2022-11-29 20:45+01:00
907,EY 2879,LICJ,LIRF,2022-11-29 20:40+01:00
908,EY 2888,LICA,LIRF,2022-11-29 20:25+01:00
909,EY 2946,LIMF,LIRF,2022-11-29 20:45+01:00
910,EY 2950,LIPQ,LIRF,2022-11-29 20:25+01:00
911,EY 3000,LGAV,LIRF,2022-11-29 20:40+01:00
912,EY 3005,LIBR,LIRF,2022-11-29 20:30+01:00
913,EY 3027,LIMJ,LIRF,2022-11-29 20:35+01:00
914,EY 3029,LSGG,LIRF,2022-11-29 20:25+01:00
915,FB 1658,LIML,LIRF,2022-11-29 20:10+01:00
916,FB 1708,EGLL,LIRF,2022-11-29 20:35+01:00
917,FB 1712,LFPG,LIRF,2022-11-29 20:20+01:00
918,FB 1718,EBBR,LIRF,2022-11-29 20:30+01:00
919,FB 1740,LFMN,LIRF,2022-11-29 20:45+01:00
920,FR 5799,LICT,LIRF,2022-11-29 20:55+01:00
921,KL 3423,LICC,LIRF,2022-11-29 20:30+01:00
922,KL 3633,LIEE,LIRF,2022-11-29 20:40+01:00
923,KM 2508,LIBR,LIRF,2022-11-29 20:30+01:00
924,KM 2514,LIBD,LIRF,2022-11-29 20:30+01:00
925,KM 2520,LIMJ,LIRF,2022-11-29 20:35+01:00
926,KM 2524,LIML,LIRF,2022-11-29 20:10+01:00
927,KM 2534,LICJ,LIRF,2022-11-29 20:40+01:00
928,KM 2544,LIMF,LIRF,2022-11-29 20:45+01:00
929,KM 2604,LGAV,LIRF,2022-11-29 20:40+01:00
930,KM 2610,LFPG,LIRF,2022-11-29 20:20+01:00
931,KM 2614,LFMN,LIRF,2022-11-29 20:45+01:00
932,CZ 7346,EGLL,LIRF,2022-11-29 20:35+01:00
933,FR 6999,EBBR,LIRF,2022-11-29 20:05+01:00
934,KQ 4334,LFPG,LIRF,2022-11-29 20:20+01:00
935,KQ 4340,LICC,LIRF,2022-11-29 20:30+01:00
936,KQ 4376,EGLL,LIRF,2022-11-29 20:35+01:00
937,VY 6106,LEBL,LIRF,2022-11-29 20:35+01:00
938,A3 652,LGAV,LIRF,2022-11-29 21:10+01:00
939,MF 9577,LFPG,LIRF,2022-11-29 20:20+01:00
940,UX 3119,LEMD,LIRF,2022-11-29 20:35+01:00
941,V7 1136,LIEO,LIRF,2022-11-29 20:05+01:00
942,KE 931,RKSI,LIRF,2022-11-29 19:35+01:00
943,AZ 1780,LICJ,LIRF,2022-11-29 21:55+01:00
944,BA 558,EGLL,LIRF,2022-11-29 21:55+01:00
945,ET 713,LIMC,LIRF,2022-11-29 21:40+01:00
946,FR 4456,EDDK,LIRF,2022-11-29 21:05+01:00
947,FR 5837,EKCH,LIRF,2022-11-29 21:15+01:00
948,FR 6973,LEBL,LIRF,2022-11-29 21:20+01:00
949,AR 1147,OTHH,LIRF,2022-11-29 22:55+01:00
950,AT 9175,LICC,LIRF,2022-11-29 22:05+01:00
951,FR 9611,EIDW,LIRF,2022-11-29 21:10+01:00
952,NO 252,LIPX,LIRF,2022-11-29 21:00+01:00
953,W6 3141,LROP,LIRF,2022-11-29 21:10+01:00
954,AZ 1752,LICC,LIRF,2022-11-29 22:05+01:00
955,AZ 2125,LIML,LIRF,2022-11-29 22:40+01:00
956,ET 4028,LICC,LIRF,2022-11-29 22:05+01:00
957,EY 2839,LICC,LIRF,2022-11-29 22:05+01:00
958,FR 5719,LICC,LIRF,2022-11-29 22:00+01:00
959,FR 5857,LICJ,LIRF,2022-11-29 22:15+01:00
960,IB 3238,LEMD,LIRF,2022-11-29 22:30+01:00
961,LH 1872,EDDM,LIRF,2022-11-29 22:40+01:00
962,LH 242,EDDF,LIRF,2022-11-29 22:35+01:00
963,NH 6127,EDDF,LIRF,2022-11-29 22:35+01:00
964,W6 8326,LYPG,LIRF,2022-11-29 22:10+01:00
965,AF 1004,LFPG,LIRF,2022-11-29 23:25+01:00
966,AM 6035,LFPG,LIRF,2022-11-29 23:25+01:00
967,AM 6518,EHAM,LIRF,2022-11-29 23:10+01:00
968,AZ 209,EGLL,LIRF,2022-11-29 23:30+01:00
969,FR 4372,LFOB,LIRF,2022-11-29 23:50+01:00
970,FR 5819,GCFV,LIRF,2022-11-29 23:30+01:00
971,FR 9425,LICC,LIRF,2022-11-29 23:50+01:00
972,G3 5554,EHAM,LIRF,2022-11-29 23:10+01:00
973,KL 1609,EHAM,LIRF,2022-11-29 23:10+01:00
974,KQ 1609,EHAM,LIRF,2022-11-29 23:10+01:00
975,MF 9697,EHAM,LIRF,2022-11-29 23:10+01:00
976,MU 1810,EHAM,LIRF,2022-11-29 23:10+01:00
977,TP 836,LPPT,LIRF,2022-11-29 23:55+01:00
978,VY 1368,LEAL,LIRF,2022-11-29 23:25+01:00
979,VY 6227,EGKK,LIRF,2022-11-29 23:20+01:00
980,VY 6933,LFPO,LIRF,2022-11-29 23:35+01:00
981,W6 8310,OJAI,LIRF,2022-11-29 23:00+01:00
